year,month,EU,EN,UE,UN,NE,NU,EU_Layoff,EU_Quit,EU_Other,EN_Layoff,EN_Quit,EN_Other
1978,1,.016186891,.035298601,.28165287,.22778477,.047887672,.025607163,.0097877095,.0026334666,.0037657151,.0096226325,.01523887,.010437098
1978,2,.015611178,.035203874,.28868783,.23519172,.050701201,.025848206,.0098776249,.0022733428,.0034602105,.0087560797,.016170615,.010277179
1978,3,.013653954,.032995962,.25284088,.22672173,.048354235,.025300741,.0081358301,.0022921858,.0032259386,.008163563,.014339671,.010492727
1978,4,.013872529,.033821382,.3076382,.23610218,.051125262,.024737531,.0085059507,.0022702159,.0030963628,.0087395636,.01572323,.0093585877
1978,5,.013298768,.033098113,.28021684,.24646862,.047063079,.024855096,.0083617168,.0022669295,.0026701214,.0061832792,.01468566,.012229174
1978,6,.014057727,.034095075,.29797491,.22175643,.056083515,.02657284,.0076559475,.0029510921,.003450687,.0090251807,.015971091,.0090988036
1978,7,.015772438,.034870461,.27042177,.24041151,.047037221,.025451794,.0089283884,.0029450243,.003899025,.0080073066,.015987737,.010875417
1978,8,.014016908,.03274272,.2886239,.23628703,.0488398,.024398671,.0076722819,.0028698221,.0034748036,.0078153443,.013910831,.011016545
1978,9,.015971081,.039010763,.31395209,.2383534,.054100245,.025824524,.0086068744,.0032148915,.0041493154,.0093560293,.019627245,.010027489
1978,10,.014747667,.034222879,.31795946,.22655177,.049801096,.025698479,.0086456276,.0028604898,.0032415497,.0083034085,.015137372,.010782098
1978,11,.01370422,.03562979,.29836863,.23497777,.050140783,.026254728,.0082667051,.0024689892,.0029685255,.0086274417,.016664999,.01033735
1978,12,.014150379,.032075021,.24868733,.22756805,.046794772,.023997586,.0087420586,.0023953854,.0030129352,.0078435782,.013869673,.01036177
1979,1,.014501836,.035652924,.27819547,.23157206,.051549293,.022093119,.0089842025,.0026927665,.0028248671,.0084229475,.015988326,.011241651
1979,2,.014929648,.034094207,.28675267,.23149261,.049364291,.025931917,.0094462959,.0024952423,.0029881094,.007694073,.016419128,.0099810064
1979,3,.013014185,.033600092,.27832711,.22249958,.049215589,.024639683,.0075802193,.0026215033,.0028124626,.0087902201,.014657961,.010151911
1979,4,.014675118,.034582846,.27510116,.24679944,.048248105,.023450408,.0090352213,.0026271462,.0030127505,.0072831875,.014718933,.012580725
1979,5,.013416368,.03503808,.31107536,.23378734,.048763096,.023164464,.0075009745,.0027818058,.0031335873,.0083345743,.015719717,.010983788
1979,6,.015575115,.034891319,.30989695,.23480897,.056866474,.025113005,.0085180057,.0032495516,.0038075573,.0092357108,.014303292,.011352316
1979,7,.015398335,.034593672,.31380039,.23639125,.050634224,.023307299,.00921115,.0028104875,.0033766972,.0072161527,.01521695,.012160568
1979,8,.015333341,.03610044,.27034977,.22570971,.050295174,.025448769,.0098739583,.0026004391,.002858944,.010212595,.016019531,.0098683145
1979,9,.014701532,.033664927,.31483778,.2133867,.052053507,.024766941,.0084428443,.0023158779,.00394281,.0085987924,.013338313,.011727822
1979,10,.014942724,.033408493,.28942934,.21976085,.049019072,.025073128,.0092779016,.0026840959,.0029807268,.0065690787,.017342264,.0094971508
1979,11,.015991487,.034297545,.28456911,.23817565,.050202917,.022598898,.0097470935,.0030402474,.0032041457,.0082805157,.014971689,.01104534
1979,12,.013397828,.032555912,.2777974,.21487719,.050424989,.026577966,.0086259544,.0024741869,.0022976864,.0072457041,.015327641,.0099825673
1980,1,.015758621,.033659022,.25599194,.25643164,.048597034,.02643761,.010912062,.0018595259,.002987033,.00651479,.016031276,.011112956
1980,2,.016443783,.033739753,.28498983,.23165102,.049815472,.024805194,.01059706,.0028741532,.0029725707,.0083263591,.014502232,.010911162
1980,3,.015614025,.034118783,.26777166,.21967717,.048341405,.023852319,.01018169,.0026728851,.0027594506,.008312989,.015467699,.010338095
1980,4,.01960279,.032205049,.26001811,.20748487,.046075743,.024720721,.013578276,.0026997169,.0033247974,.0068174633,.013976864,.011410723
1980,5,.020761514,.033446025,.26467893,.20985241,.048535429,.028125199,.014592523,.0025753791,.0035936122,.007688554,.016405556,.0093519147
1980,6,.018481817,.032032203,.25430334,.19125037,.04363836,.026941609,.013466068,.00211776,.0028979895,.0085754255,.014966981,.008489796
1980,7,.018808881,.030918559,.26318365,.18477947,.046122685,.027243273,.013573871,.0024385604,.0027964495,.006862496,.014703319,.0093527436
1980,8,.019871242,.034845512,.27122885,.20711039,.049500432,.027743505,.013888382,.0027232729,.0032595871,.0087974919,.015927011,.010121009
1980,9,.017451895,.033126276,.26455793,.20234069,.047600396,.025731381,.011513451,.002145496,.0037929483,.007178315,.016360512,.009587449
1980,10,.017564507,.032549143,.26362753,.18703444,.047581844,.027705573,.011646865,.0023902913,.003527351,.0084904572,.014841926,.0092167594
1980,11,.016612751,.031919479,.26065204,.19551851,.046979539,.02790376,.010928612,.0024615442,.003222595,.007783792,.014867347,.0092683407
1980,12,.016903829,.034643468,.26879674,.21156669,.048706774,.026025435,.011582224,.0021749274,.0031466777,.0081181545,.015969958,.010555355
1981,1,.016551459,.029627146,.23194559,.19539535,.044981621,.02894734,.010682197,.0025045329,.003364729,.0073130308,.01289924,.0094148749
1981,2,.016806046,.030893976,.22924854,.21099646,.043266609,.025271134,.011114522,.0026278205,.0030637032,.0064983959,.014678865,.0097167157
1981,3,.018489031,.031881046,.2734403,.20407335,.047954593,.028423298,.012660877,.0023395659,.0034885884,.0072999611,.0138788,.010702284
1981,4,.016261674,.031832464,.27414456,.19530475,.051164515,.025981331,.011052116,.0021523871,.0030571716,.0090972595,.014296375,.0084388293
1981,5,.01750355,.030752074,.23853929,.20582066,.046040993,.026237901,.011902567,.0024701955,.0031307878,.0077103223,.013035108,.010006644
1981,6,.017435912,.033138167,.24513251,.20578699,.039818998,.027291995,.011347145,.0021537605,.0039350064,.0090275109,.01535873,.008751926
1981,7,.016007161,.031691328,.26180118,.21199521,.050125014,.026963273,.011211157,.0023123417,.0024836622,.0095511489,.01418977,.0079504093
1981,8,.016840579,.029768104,.24104758,.20414531,.043867826,.027283315,.011147312,.0023771652,.0033161019,.0080170734,.012625351,.0091256797
1981,9,.018746262,.034728017,.23961869,.22088267,.041498937,.028597847,.013447612,.0025875079,.0027111429,.0076781474,.017355446,.0096944235
1981,10,.020212578,.031182123,.24971963,.20866272,.050658569,.029733369,.014049276,.0024156226,.0037476793,.0092452168,.011512195,.010424712
1981,11,.021123877,.030761369,.23947327,.19665328,.042410329,.02903663,.014839495,.0021513724,.0041330098,.0087369904,.011959855,.010064523
1981,12,.023542482,.032531582,.24754682,.1974207,.043981247,.027879035,.017037014,.0023874673,.0041180016,.0091121653,.013069198,.010350219
1982,1,.020763535,.030321294,.23542118,.19949634,.045619976,.029503612,.014994495,.0022894097,.0034796307,.0079070088,.013001465,.0094128205
1982,2,.019350547,.031004084,.2155429,.19784148,.042777915,.030607168,.013012046,.0022605192,.0040779822,.008632659,.013635699,.0087357266
1982,3,.022442453,.030996945,.23234865,.19599788,.046457767,.029946493,.016993856,.0018505309,.0035980656,.0062168851,.014372387,.010407673
1982,4,.021963231,.02993048,.20887437,.18907826,.042766806,.029606463,.016533835,.0019591213,.0034702751,.0091422331,.012118363,.0086698839
1982,5,.020947101,.0284242,.22398864,.18326671,.043361433,.03188625,.015970701,.0021664924,.0028099068,.007708983,.011306161,.0094090551
1982,6,.021189693,.02964762,.20507498,.18442236,.038945474,.030821364,.016148794,.0016284413,.0034124576,.0076100226,.013125542,.0089120567
1982,7,.021420272,.031900886,.20821144,.18605383,.045624617,.032879092,.015841862,.0016097168,.0039686933,.010467675,.01191454,.0095186718
1982,8,.021571347,.030788843,.21754533,.18015857,.043475587,.031302013,.016379938,.0016374278,.0035539821,.0089027109,.013270051,.0086160805
1982,9,.023391152,.031319417,.20048514,.18050165,.045123335,.030432958,.017854244,.0018474853,.003689423,.0095736329,.012932359,.008813425
1982,10,.023136089,.031148888,.1913712,.17523582,.039510854,.030865466,.018496217,.0015782474,.003061624,.0100899,.012305875,.0087531125
1982,11,.023042455,.029001836,.18508434,.16589126,.042709567,.03149046,.017594995,.00136326,.0040842006,.0092354324,.01187151,.0078948932
1982,12,.021319335,.029186105,.20693876,.17357764,.040650211,.03428258,.015651593,.0016709324,.0039968099,.0092856791,.011422908,.0084775183
1983,1,.020321541,.028534427,.2132912,.16435108,.040147122,.02945713,.014378905,.0013251263,.004617509,.0096706534,.011305721,.0075580524
1983,2,.019440068,.02843806,.18350157,.17298003,.039914437,.028808419,.014313987,.0017324816,.0033935988,.0096832449,.010322943,.0084318714
1983,3,.019895654,.029550755,.2044034,.17020786,.041587632,.030449701,.014914358,.0019853369,.0029959593,.0088665206,.012093849,.0085903853
1983,4,.01985012,.029840615,.19550884,.1778781,.041545212,.031678673,.014594067,.0017007053,.0035553477,.0087094465,.012850541,.0082806274
1983,5,.018744502,.032142945,.20639196,.1785752,.042498071,.031434361,.013963195,.0016079153,.0031733923,.0082002394,.012957494,.010985211
1983,6,.019839065,.02969736,.20986131,.18531357,.046303403,.037003554,.013650662,.0020300038,.0041583991,.00822578,.013566949,.0079046311
1983,7,.018699368,.028845379,.21608429,.19398002,.041215915,.028794384,.013264839,.001372154,.004062376,.0071565039,.011478812,.010210063
1983,8,.0198889,.028439665,.21845376,.17954254,.043042362,.031308368,.013506861,.0021388899,.004243149,.0082890326,.010427895,.0097227376
1983,9,.019004835,.031281393,.21246216,.19466873,.045841075,.032023214,.013036547,.001907016,.0040612714,.009064584,.013774719,.0084420899
1983,10,.018854147,.031538289,.21033895,.19428205,.042664725,.026965462,.01325018,.002245632,.0033583352,.0085760402,.012343129,.01061912
1983,11,.018016811,.029169438,.23561026,.18568631,.046323214,.028052753,.012398449,.0018523325,.0037660301,.0068321307,.012692872,.0096444357
1983,12,.018474344,.030235544,.22678407,.1990131,.044775926,.028075978,.012534959,.0022403344,.0036990505,.0093495781,.011414446,.0094715199
1984,1,.017584762,.034032192,.25236273,.20208649,.046687555,.028780172,.011667483,.002205092,.0037121861,.0092690056,.014938184,.0098250024
1984,2,.017327743,.032408573,.25461522,.20268604,.048550811,.02918716,.011881675,.002337601,.003108467,.0078185294,.013158794,.011431249
1984,3,.016230807,.031397507,.22990319,.2041031,.043084808,.027839784,.011044457,.0017960318,.0033903182,.0096402811,.012397117,.0093601085
1984,4,.015288737,.029409848,.23778389,.19003187,.045222126,.030657211,.010186384,.0021411167,.0029612356,.0093382634,.012217009,.0078545762
1984,5,.015923606,.0307926,.24142882,.19992584,.049678866,.027313998,.010115616,.0022665081,.0035414821,.0085907988,.013852837,.0083489642
1984,6,.016887845,.034586657,.25881279,.21126227,.051918227,.02694148,.011001795,.0021446799,.003741371,.008617579,.01400386,.011965218
1984,7,.017296666,.033898067,.26159522,.20248494,.04843827,.029540719,.011616331,.0018937807,.003786555,.0096534258,.014497941,.0097466996
1984,8,.018086068,.034135006,.24889812,.20916836,.048298389,.02800741,.011964752,.0021294227,.0039918935,.009053329,.017285444,.0077962335
1984,9,.017645705,.029360436,.23412715,.2185106,.046518229,.02842964,.011302512,.0020291391,.0043140543,.008784743,.011057583,.0095181102
1984,10,.01742065,.032578643,.24994101,.21667428,.047371179,.029955368,.011606153,.0023595258,.0034549707,.0079988306,.015704364,.0088754492
1984,11,.016810842,.033715211,.24194825,.22713433,.049174871,.028778104,.011381115,.0022150378,.0032146892,.0097275348,.013125056,.01086262
1984,12,.016233532,.032502495,.23856333,.20699415,.049627785,.02944109,.010669299,.0023029838,.0032612486,.0072026313,.016906198,.0083936658
1985,1,.017549558,.031384174,.25203523,.21001872,.048400953,.026781237,.011657021,.0024564059,.0034361307,.0083639575,.013421795,.0095984209
1985,2,.01838298,.034415368,.26957056,.20547742,.05151112,.027765606,.01282096,.0021666687,.0033953509,.0091571305,.015631907,.0096263308
1985,3,.016957985,.032971688,.2672914,.20788954,.0476848,.029914845,.01106333,.0020683066,.0038263488,.0076140217,.014057487,.011300178
1985,4,.017839335,.0333464,.25185367,.2163465,.04894102,.028711721,.011957169,.0022356412,.0036465251,.0093600396,.01300262,.01098374
1985,5,.017547576,.035337053,.2579371,.2107428,.050588302,.027497143,.011629122,.0024091245,.0035093289,.009578485,.015137567,.010621001
1985,6,.01839011,.034293622,.25540334,.20436238,.044663765,.028619666,.012032695,.0025604225,.0037969921,.010934239,.012695822,.010663561
1985,7,.017746005,.032177083,.25636223,.2139138,.048392851,.027642144,.011739179,.0022996133,.0037072133,.008605361,.013309299,.010262423
1985,8,.017259996,.031759266,.25122118,.23171368,.05005255,.026370896,.011514208,.0023306303,.0034151578,.00871397,.013515612,.0095296837
1985,9,.018212507,.029784955,.26123801,.2053462,.049911357,.027775476,.012493679,.0018801597,.0038386676,.0093200076,.0098160803,.010648867
1985,10,.017478837,.031394292,.25544947,.21506037,.048339643,.027281124,.011927881,.00230552,.0032454354,.008338958,.013010294,.010045039
1985,11,.017127849,.032023467,.25314426,.2304824,.045759335,.027424371,.011674311,.0020549241,.003398614,.0066809049,.014643229,.010699334
1985,12,.016264889,.030215573,.2551477,.19958566,.048626743,.026648981,.010990534,.0022039188,.0030704367,.0063504498,.012606384,.011258738
1986,1,.015395104,.031996977,.27044615,.23137596,.049445532,.024982719,.0099956766,.0026600747,.0027393526,.0073107681,.012551226,.012134982
1986,2,.017294561,.030236619,.23512594,.2148535,.046258483,.02945951,.011303687,.0023534908,.0036373832,.0080921864,.011225577,.010918855
1986,3,.017728675,.031575274,.26381311,.20100288,.050060626,.028253775,.011750918,.002693438,.0032843193,.0083237942,.013892884,.0093585951
1986,4,.016829614,.031616289,.25936443,.21084674,.047938865,.028880194,.010662617,.0027980099,.0033689865,.0075035165,.013316233,.010796539
1986,5,.01824563,.031422779,.2489575,.20414095,.049435444,.026347129,.012213437,.0025296235,.0035025696,.0096315425,.012244046,.0095471907
1986,6,.01625572,.029047234,.25765499,.19036068,.047556635,.026895674,.010673721,.0022898079,.0032921904,.0094309459,.010746308,.0088699805
1986,7,.016440267,.030450933,.24436444,.21923807,.049645573,.026623396,.010147898,.0028496468,.0034427214,.0064106495,.015116218,.0089240652
1986,8,.016834047,.032940689,.27105364,.20688917,.049216595,.025520826,.010564356,.0024687692,.0038009214,.0092999665,.012764289,.010876434
1986,9,.016325247,.031592835,.23580165,.21327274,.04630582,.027286878,.010358064,.0026173554,.0033498276,.0077089728,.014229435,.0096544269
1986,10,.017666506,.029692821,.25131401,.20784615,.048310153,.025201187,.011839175,.0028983476,.0029289834,.0074374457,.014077632,.0081777442
1986,11,.017147413,.030583864,.26517496,.20439993,.04826998,.027716311,.01089443,.0026771401,.0035758426,.0075342017,.013358277,.0096913856
1986,12,.017127268,.030852497,.28280345,.20234984,.049942888,.023520168,.011037214,.002837105,.0032529493,.0089246016,.012447161,.0094807344
1987,1,.014876004,.0291717,.26135099,.19020192,.044759378,.027013872,.009626992,.0026413093,.002607703,.0094713699,.012414539,.0072857905
1987,2,.016571233,.028146058,.24658199,.2129297,.046372402,.024584746,.01083338,.0025970812,.003140772,.0086727422,.011687513,.0077858036
1987,3,.017893588,.031239588,.27752227,.21158944,.050654981,.026042011,.011693022,.002578943,.0036216229,.0071290121,.012799866,.01131071
1987,4,.014687825,.03155905,.28484982,.22432807,.051351704,.027337754,.0099338507,.0021925895,.0025613848,.0080751581,.014612699,.008871193
1987,5,.015179088,.029852888,.27322495,.19998562,.04935937,.026777735,.0092250137,.0021817584,.0037723163,.0084656477,.012439231,.0089480085
1987,6,.015018963,.030021993,.27011889,.21240883,.047097877,.022461794,.0091497125,.0022877746,.0035814762,.0070535787,.014336991,.0086314231
1987,7,.014822366,.030070674,.29072702,.1996481,.05127202,.02469426,.0090916893,.0027515667,.0029791098,.0073606507,.014629482,.0080805402
1987,8,.015025566,.030074323,.26492974,.20018186,.050214708,.02395842,.0091255456,.0023854123,.0035146084,.0067583937,.012876824,.010439104
1987,9,.015448284,.032139845,.27757379,.22723059,.048430081,.024979375,.0088803843,.0027645901,.00380331,.0088112652,.013828593,.0094999867
1987,10,.015092502,.029357906,.28073865,.20329663,.052603599,.024047971,.0096077938,.0024946581,.0029900505,.0077042752,.013036333,.0086172987
1987,11,.014177815,.031010393,.26826692,.21497394,.047839563,.023664797,.0086480966,.0023579919,.0031717266,.0061605149,.014621023,.010228856
1987,12,.015583493,.031632226,.29488629,.22952621,.052460466,.024434399,.0098324381,.00235879,.0033922647,.0077456557,.014318498,.0095680729
1988,1,.014746197,.030726738,.26463816,.23160715,.049718238,.026083937,.0090067592,.0025327727,.0032066647,.0079727015,.014447208,.0083068293
1988,2,.013431841,.030079091,.2803151,.20572226,.050050087,.02288763,.0081252996,.0022076385,.0030989025,.0067538032,.012753996,.010571292
1988,3,.014467409,.029532971,.27652717,.21812977,.050154991,.022168785,.0089579001,.0028388079,.0026707009,.0063990238,.013201408,.0099325385
1988,4,.014630551,.031659424,.31784713,.20983647,.052632213,.023536785,.0089048902,.002634845,.0030908163,.0067358972,.013888679,.011034848
1988,5,.015445392,.032734614,.29253533,.22329865,.050771073,.023411086,.0096130101,.0024924777,.0033399039,.0086691938,.013362674,.010702746
1988,6,.013286799,.030704256,.31225163,.2081826,.057133146,.019955453,.0081202518,.0025287955,.0026377519,.0082639474,.013762301,.0086780079
1988,7,.013391213,.029487275,.29812965,.19549181,.048732925,.023091666,.0078898026,.0024342134,.0030671975,.0076025077,.012811467,.0090733003
1988,8,.013774686,.0276084,.28557244,.21753593,.049520776,.022631867,.0079336036,.0026866882,.0031543947,.0066313436,.011400002,.0095770545
1988,9,.014739326,.030844374,.30054703,.21694203,.04898794,.022674257,.0090174731,.0029600221,.002761831,.0066212984,.014168246,.01005483
1988,10,.014302205,.03021409,.27809852,.24030674,.049797192,.022963786,.0087808976,.0028029608,.0027183469,.0073473239,.012510516,.01035625
1988,11,.013317385,.030595288,.27009949,.20607868,.053627335,.021603091,.0084987311,.0022312957,.002587358,.0068340558,.013620957,.010140276
1988,12,.013554318,.031897433,.28161004,.21393536,.048557956,.021297518,.007910762,.0028422682,.0028012877,.0088218339,.013197967,.0098776324
1989,1,.014712271,.030235128,.2860091,.20995559,.053562514,.02337518,.0091844564,.0029363891,.0025914258,.0070754467,.0145267,.0086329821
1989,2,.014897132,.030440526,.31029949,.22037415,.049715221,.021182287,.0096547417,.002532636,.0027097545,.0063361987,.015367307,.0087370202
1989,3,.013085016,.027339695,.29084459,.23854694,.048810583,.020997426,.0079262471,.0025583538,.0026004151,.006087942,.013708961,.0075427918
1989,4,.015083974,.031088779,.28731677,.19933487,.049708962,.023090737,.0092086159,.0030661037,.0028092547,.0057350616,.015292467,.010061251
1989,5,.014046587,.027817067,.30339691,.22719826,.048252087,.023839002,.0084370272,.0027586836,.0028508762,.0064513837,.013086374,.0082793087
1989,6,.013109982,.029865958,.31069583,.21561652,.052669596,.023082001,.0078181652,.002454146,.0028376707,.0086159417,.012858194,.0083918218
1989,7,.013634409,.029591115,.29219353,.21013129,.047299422,.022512749,.0082836719,.0029173708,.0024333661,.0095661581,.012441042,.0075839153
1989,8,.012588407,.026395205,.2953859,.20297937,.046671662,.02406369,.0079427902,.0024169497,.002228667,.0074970638,.013744889,.0051532527
1989,9,.015011278,.033140223,.32668781,.20503387,.053442918,.0229306,.0086440034,.0034486176,.0029186569,.0078604165,.016943585,.0083362218
1989,10,.015609576,.030170009,.30266485,.21608692,.052057341,.023474213,.0095146317,.0028383823,.0032565624,.0060899709,.0150484,.0090316366
1989,11,.016467733,.029249351,.32348895,.20998116,.053083729,.024282338,.010542545,.0031203344,.0028048535,.0081605446,.013413397,.0076754102
1989,12,.013427883,.029566929,.28350389,.20606151,.046409138,.022241598,.0088340761,.0024346663,.002159141,.0060734241,.015498948,.0079945568
1990,1,.014755054,.029441338,.29217044,.22867383,.050551668,.023257483,.0093192868,.0030282058,.0024075618,.0081970887,.013280078,.0079641715
1990,2,.015729733,.032100692,.33645567,.20792089,.053932197,.023802968,.0099879857,.0028048253,.0029369218,.0070881066,.0145789,.010433685
1990,3,.01409041,.030183868,.28144383,.22347598,.051065195,.022037059,.0092765642,.002399449,.0024143963,.0082929824,.0151442,.0067466861
1990,4,.014733191,.029507073,.26775262,.2159,.050173782,.021999018,.0089154113,.0032398864,.002577893,.0072458307,.015999315,.0062619266
1990,5,.013937461,.026936915,.28445077,.20094529,.050489999,.023179779,.0083696274,.002817645,.0027501888,.0051151146,.014866672,.0069551286
1990,6,.014250269,.02986549,.31447291,.21196821,.051558286,.021260668,.0090553463,.002809589,.0023853339,.0086689387,.012907539,.0082890131
1990,7,.015113911,.029928232,.27970156,.21376696,.05149278,.021960212,.0086392928,.0029100813,.0035645366,.0086053777,.012982242,.0083406121
1990,8,.015141856,.028940335,.29481134,.20889047,.047969207,.025109455,.0098345028,.0028939075,.0024134456,.0077169244,.013932515,.0072908956
1990,9,.0144821,.02719642,.24977632,.20212573,.0470207,.023765841,.009264336,.0022208551,.0029969094,.0080366153,.011172056,.0079877488
1990,10,.015817812,.029093813,.28134695,.1996614,.047290862,.023721006,.010303902,.0025197384,.0029941709,.0081643695,.011365906,.0095635373
1990,11,.017394738,.028812464,.27826053,.21403302,.04798349,.024393778,.011940819,.0028641552,.0025897638,.0094866809,.012373266,.0069525177
1990,12,.015263302,.026705762,.25866467,.19399576,.04926734,.025711503,.010181567,.0020449234,.0030368122,.0062101139,.013758186,.0067374622
1991,1,.016016174,.029682508,.25551337,.20970391,.042731516,.025511386,.011000526,.0020892539,.0029263941,.008393324,.013236921,.0080522625
1991,2,.018703192,.026834356,.27480894,.19234635,.047963865,.026551029,.013469851,.0023515089,.0028818329,.0069661303,.012987112,.0068811136
1991,3,.018600723,.027874494,.25473663,.18855639,.046165291,.02425074,.013161897,.0022723444,.0031664816,.007103913,.012604749,.0081658326
1991,4,.016272061,.027513456,.26784909,.17914374,.045158483,.024073321,.011587012,.0019152163,.0027698325,.0061275819,.011376353,.010009521
1991,5,.01689627,.029001355,.24786757,.20341337,.045480575,.026507171,.011457352,.002333517,.0031054013,.0077541694,.013943301,.0073038852
1991,6,.015271289,.027198544,.25361004,.1923548,.04457714,.028976366,.010686992,.0025696116,.0020146859,.0079968413,.011836703,.0073649995
1991,7,.015103352,.026971903,.23604873,.19161718,.04605972,.024602115,.009694336,.0023118171,.0030971991,.0072150864,.011331316,.0084255002
1991,8,.015803562,.029359713,.26042119,.20155364,.045212325,.025095699,.011132042,.002151683,.0025198376,.0089769727,.012922742,.0074599981
1991,9,.016067013,.02446763,.25346535,.19964382,.045785859,.027050171,.011374423,.0022211073,.0024714826,.0072519411,.010128606,.0070870831
1991,10,.016600097,.027390858,.2491938,.20446926,.043942992,.026499076,.011785808,.0020408067,.0027734819,.0070809755,.011696585,.0086132977
1991,11,.017208138,.027362175,.25114727,.19303179,.042238899,.02684347,.011789769,.0025108811,.0029074885,.0083808964,.012178683,.0068025962
1991,12,.016995581,.027279168,.23950087,.19249937,.044535413,.027235676,.01174631,.0021358808,.0031133904,.0074153133,.011527174,.0083366809
1992,1,.016391696,.025210543,.25376067,.17937852,.045395646,.027818358,.011453665,.0019954995,.0029425321,.0077131889,.01146767,.0060296836
1992,2,.015877794,.026254548,.22068337,.17732981,.04054781,.027663603,.011610349,.0015424979,.0027249479,.0078782924,.0098673087,.0085089467
1992,3,.016361248,.028742788,.24129474,.17450435,.046374444,.027362563,.010976242,.0021323583,.0032526476,.0066181035,.012107375,.010017309
1992,4,.015750935,.026031669,.23773327,.19187918,.045125633,.028053928,.011102236,.0023200572,.0023286422,.0090486491,.010834177,.0061488431
1992,5,.016713569,.027019501,.2259738,.18691164,.044566259,.030055929,.011786099,.0019624389,.0029650314,.0081925411,.011098304,.0077286558
1992,6,.016242206,.026378054,.21672778,.17904469,.040404845,.031222515,.011173342,.001850447,.0032184166,.0065741534,.011330233,.0084736682
1992,7,.015596709,.026483554,.24292502,.18398093,.048145276,.030015703,.010541024,.0021707511,.0028849344,.0074662114,.010480762,.008536581
1992,8,.015538326,.02628478,.2231766,.18317223,.044066958,.027460434,.01054869,.0021683432,.002821292,.0064451853,.0092619732,.010577622
1992,9,.017436067,.027059164,.22125018,.20156793,.04331525,.027737807,.011980877,.0019372245,.0035179649,.0082291244,.010018951,.0088110883
1992,10,.015848365,.029410478,.24445023,.19771521,.045106784,.026644213,.010825575,.0017349942,.003287795,.0086486144,.012132026,.0086298371
1992,11,.016043529,.024964245,.23624445,.18077321,.044243287,.028005935,.010851999,.0022360377,.0029554924,.0067166933,.0093576536,.0088898987
1992,12,.016213352,.027432447,.25347731,.19422132,.04489455,.029705001,.010670847,.0024681548,.0030743498,.0088527547,.0095737716,.009005921
1993,1,.015139431,.027718304,.22853941,.18433607,.041715164,.027445812,.010342377,.0018331832,.0029638703,.0087422626,.0098147113,.0091613298
1993,2,.014685048,.027295506,.21620981,.20975564,.04732189,.02801306,.0098158112,.0023261809,.0025430557,.0088169975,.010688269,.0077902395
1993,3,.016648011,.028403578,.24497947,.19524913,.045107942,.024806239,.011074685,.0020698267,.0035034991,.0075847274,.010485533,.010333318
1993,4,.015135526,.028729564,.24561326,.18800084,.043493807,.027909389,.0097405892,.002099708,.0032952286,.0082776984,.012288578,.0081632873
1993,5,.015769655,.026904959,.24180377,.17727213,.047720585,.02744047,.0099331699,.0019206636,.0039158212,.0071322126,.011157794,.0086149527
1993,6,.014806111,.024987461,.2256496,.17668138,.044390332,.0281041,.0098440899,.0022448529,.0027171685,.007032488,.011057043,.0068979305
1993,7,.015942965,.027120454,.26372126,.19518271,.044649251,.027236924,.010454809,.002681572,.0028065834,.0066874251,.012142522,.0082905069
1993,8,.015184779,.02720248,.24146163,.19618197,.047530156,.026100753,.010819267,.0018158522,.002549659,.0095389253,.0082933195,.0093702348
1993,9,.015468482,.029534198,.2404047,.20008962,.045988183,.026323941,.010254452,.0022819419,.002932088,.0081879105,.010946028,.01040026
1993,10,.015391685,.026357781,.23241542,.19763382,.043063708,.027120925,.010155505,.002346454,.0028897265,.0058248807,.011388005,.0091448957
1993,11,.014800327,.026896248,.2418592,.20129399,.043943375,.025621727,.0092650792,.0025950933,.0029401544,.0080971895,.011465582,.0073334761
1993,12,.01480354,.026050186,.25126475,.20423903,.045198109,.026284836,.010000261,.001964502,.0028387764,.0080759646,.011429556,.0065446654
1994,1,.0177333,.032452501,.25803506,.23169258,.060240455,.028963115,.012254551,.0021448245,.0033339246,.0061394097,.013519938,.012793154
1994,2,.013516716,.028735142,.2491025,.21901704,.048667684,.029210487,.0093111088,.0016156888,.0025899182,.0063841683,.011991922,.010359053
1994,3,.014398608,.029240508,.26668522,.22455414,.046973452,.030865937,.0097457143,.0017637217,.0028891724,.006158697,.013516792,.0095650181
1994,4,.015699297,.027920039,.26554552,.23131949,.046068292,.029328374,.010198602,.0021810501,.0033196455,.0053332541,.010204968,.012381817
1994,5,.014069461,.028614938,.28112936,.2440303,.046861723,.026970098,.0090990774,.0019090904,.0030612934,.0062920414,.011119939,.011202957
1994,6,.014804764,.027966345,.26375112,.26331547,.0484869,.0303185,.0098711923,.0020998472,.0028337243,.0039559803,.01305084,.010959525
1994,7,.014656743,.027841246,.26999077,.24126007,.042530928,.029377371,.010112002,.001791092,.0027536494,.0051376037,.011362103,.011341539
1994,8,.01458069,.026741225,.26406196,.23675571,.047190402,.03001461,.0099000875,.0017264353,.0029541675,.0035185029,.011259195,.011963527
1994,9,.014792147,.028081244,.2684696,.23813765,.044094417,.02717682,.009590636,.0020805725,.0031209385,.0040930421,.013743696,.010244505
1994,10,.012299744,.027138051,.2589049,.23382214,.044382509,.028753681,.0086029554,.0012929513,.0024038376,.0045655603,.011303604,.011268887
1994,11,.014454571,.027764168,.26626092,.24964425,.047808435,.026240135,.0096694613,.0016814027,.0031037065,.0034076127,.01273381,.011622746
1994,12,.013821437,.02863938,.28965095,.24446832,.045934904,.026151828,.0096941395,.0016511768,.0024761208,.0056764632,.010643769,.012319148
1995,1,.016141389,.02844351,.29116645,.24549915,.046880592,.027351597,.010820344,.0018935521,.0034274925,.0038377002,.013439962,.011165848
1995,2,.014365044,.028004045,.29222664,.24441224,.043832652,.025550408,.0092352694,.0024275375,.0027022376,.0048260875,.011641195,.011536762
1995,3,.013280622,.025842628,.27413985,.22050983,.043179903,.024721405,.0084829405,.0023116425,.0024860387,.0053841677,.010785537,.009672923
1995,4,.014733843,.027877454,.27442697,.22548519,.044787467,.029359283,.009949048,.002115269,.0026695256,.0041391575,.011695982,.012042314
1995,5,.013525166,.028551787,.2680192,.24414033,.041685585,.027416809,.0098876143,.0017987777,.0018387736,.0049502943,.010974362,.012627131
1995,6,.01380372,.027645413,.28006771,.23871212,.044633031,.027536567,.0096439179,.0019838884,.0021759141,.0049504959,.011364887,.011330029
1995,7,.014142542,.027466858,.27914169,.23941156,.044778809,.02757084,.0097934604,.0019830763,.0023660054,.0049595046,.01131874,.011188613
1995,8,.014178646,.027437286,.27605757,.24011287,.044427834,.027607204,.009775091,.0019843306,.0024192242,.004967988,.011272573,.011196725
1995,9,.014350066,.027581912,.27770963,.24081089,.044429164,.027644346,.0097605856,.0019847848,.0026046955,.0049765268,.011228192,.011377193
1995,10,.015139466,.028595552,.29394448,.24869356,.047168434,.028398478,.010262726,.0020158761,.0028608642,.005274877,.010978555,.01234212
1995,11,.014385574,.028132148,.28716534,.2394401,.04596325,.027231548,.0099480627,.0019907299,.0024467809,.0050797206,.011744643,.011307785
1995,12,.012088174,.026374102,.25733563,.24020213,.042053737,.026063301,.0081831859,.001757259,.002147729,.0047673765,.010613631,.010993093
1996,1,.015050268,.02710462,.27026638,.24093308,.042185619,.026597777,.010119137,.0023570035,.0025741269,.0043953378,.010625096,.012084186
1996,2,.013465085,.027988635,.29549298,.24489652,.04889882,.027924869,.0092311949,.0021151849,.0021187053,.0052809101,.011404806,.011302919
1996,3,.014278929,.026728014,.27162001,.2326709,.043543886,.028647736,.0095723998,.0021075378,.0025989912,.0060707,.0098917596,.010765554
1996,4,.013797805,.025770538,.25221133,.23445548,.042439867,.026536612,.0096315369,.001739285,.0024269829,.0050189965,.010776111,.0099754296
1996,5,.014314482,.026248368,.28232956,.24345459,.046639357,.027870461,.0094814561,.0016483584,.0031846673,.0057793618,.010752792,.0097162146
1996,6,.013385459,.027356446,.26163962,.27217481,.044071477,.024376387,.0092104096,.0018228582,.0023521911,.0038756877,.011005618,.01247514
1996,7,.013329664,.027812775,.27752787,.23584567,.04653462,.029432049,.0091521414,.0016594706,.0025180522,.0051196096,.011844961,.010848205
1996,8,.012225024,.028131539,.29371548,.23683454,.044383295,.024971429,.0081292633,.0016682126,.0024275486,.0057748496,.013115804,.0092408862
1996,9,.013367083,.02404788,.27529636,.2627545,.043814339,.02513597,.0087391594,.0021075704,.0025203531,.004690961,.0096342992,.0097226193
1996,10,.012214803,.025846807,.29257026,.21576276,.04397735,.027261706,.0082894675,.0019575541,.0019677815,.0043069031,.011622023,.0099178813
1996,11,.014747755,.026804844,.2911658,.24255002,.043406721,.025949031,.010168188,.0021320791,.0024474873,.0054189693,.011918859,.009467016
1996,12,.012179122,.026232343,.27902377,.22731829,.043479588,.026406519,.0080963485,.0019730702,.0021097036,.0046839514,.010939796,.010608595
1997,1,.013521498,.025785254,.28546762,.24257775,.042242598,.025401425,.0089318892,.0020462645,.0025433444,.0047168513,.01008461,.010983793
1997,2,.012913795,.026840454,.27942705,.23255359,.043579008,.026099434,.0084756641,.0016848778,.0027532533,.0046190149,.011273069,.010948369
1997,3,.012664083,.026659444,.29010889,.23185,.04766386,.026556607,.0086977389,.0016333213,.0023330231,.004875334,.0098780869,.011906023
1997,4,.012608059,.027615694,.27429354,.25520769,.046226524,.022776701,.0084736552,.0015325129,.0026018906,.0062065525,.009823259,.011585883
1997,5,.013030108,.027106009,.31866345,.23765653,.046620719,.025265064,.0087329037,.0019570792,.0023401252,.00481534,.012427283,.0098633869
1997,6,.013526483,.026718922,.28924367,.24982478,.043086186,.024256499,.009020593,.0020151052,.0024907843,.0044773626,.011647496,.010594063
1997,7,.012095728,.0258568,.29948887,.24169472,.043428753,.025209323,.0081101982,.0020929761,.0018925536,.0051635727,.01046024,.010232988
1997,8,.012319002,.028604956,.28581667,.26570606,.045583658,.026538346,.0080355704,.0021116321,.0021717998,.0038762926,.013411195,.011317469
1997,9,.012378845,.026429126,.259855,.25094554,.042592198,.023851728,.0081939185,.0021168683,.0020680586,.0036681741,.011016655,.011744297
1997,10,.012569529,.026484855,.31295699,.24201123,.045217432,.022546096,.0081951013,.0016244879,.0027499399,.0055898386,.012725415,.0081696007
1997,11,.011392039,.026985992,.29407814,.25131953,.047282826,.022544548,.0076668039,.0018013204,.001923915,.0050881472,.011635185,.010262659
1997,12,.013645199,.02913034,.31712058,.25137782,.050606698,.022772262,.0091189062,.0020738363,.0024524566,.0035198838,.011983105,.01362735
1998,1,.011940428,.025228549,.27870193,.25329912,.045475174,.022989139,.0075817723,.0022139479,.0021447078,.0046053128,.0098538119,.010769424
1998,2,.012692163,.026680332,.29089525,.25773412,.044646807,.024239048,.0084634367,.0021635741,.0020651519,.0047717001,.01191935,.0099892812
1998,3,.013765263,.028008491,.3059769,.25422123,.048404649,.026017744,.0092708105,.0020543425,.0024401103,.0054812618,.01175581,.010771419
1998,4,.011790825,.027504051,.33441386,.25748947,.048234735,.021372391,.0078824162,.0017033452,.0022050636,.0051851007,.014166029,.0081529208
1998,5,.011996663,.026021328,.29898354,.24421971,.047682475,.021722401,.0078877956,.0020597831,.0020490845,.0049621165,.010569531,.010489681
1998,6,.011321328,.028513731,.31355128,.23364054,.045039389,.022690905,.007627354,.0017617289,.0019322447,.0038971233,.011684058,.01293255
1998,7,.013131993,.029220158,.31409028,.24780783,.048482768,.0224136,.0084819701,.0021749008,.002475122,.0042930194,.012073482,.012853656
1998,8,.011888277,.028892979,.30324033,.24336453,.050064564,.022002842,.0081347749,.0017935027,.0019599991,.0039058989,.011388721,.013598359
1998,9,.012555003,.02758792,.30307204,.24316594,.054592974,.023806354,.0087670758,.0016001364,.0021877908,.0049756593,.012548325,.010063937
1998,10,.012195135,.028856933,.32908762,.23975056,.050817795,.023693912,.0080256127,.0018898343,.0022796886,.0044574216,.013710233,.010689278
1998,11,.011910723,.028527504,.30163029,.26572636,.049318291,.023498235,.007785379,.001910548,.0022147957,.0042002788,.011506822,.012820403
1998,12,.012578496,.02952498,.30383208,.28160754,.053086605,.021346653,.0087292548,.0018455429,.0020036981,.0038260433,.012439197,.01325974
1999,1,.012224814,.029197769,.30310026,.26277173,.050730422,.023117397,.0081110075,.0020267211,.0020870853,.005582477,.012759516,.010855776
1999,2,.011936657,.028678287,.30345982,.24841695,.047597092,.02290138,.0078708632,.001631232,.002434562,.0037745526,.013127423,.011776311
1999,3,.01121497,.028109631,.32842958,.24438588,.049226798,.022619696,.0074401023,.0017559138,.0020189537,.005871946,.013314794,.0089228908
1999,4,.012466527,.02995122,.29722804,.26109827,.052358788,.021858517,.008426792,.001658469,.0023812656,.0043797414,.012632461,.012939017
1999,5,.012476956,.028209828,.31343025,.25449219,.053861864,.0203609,.0075487988,.0023942164,.0025339413,.0053261723,.012354046,.010529609
1999,6,.011194634,.028924966,.32039919,.23411387,.050421137,.021523507,.0070112324,.0019445365,.0022388655,.0036659434,.013974917,.011284105
1999,7,.011835308,.03041539,.323598,.23747349,.052947387,.022708265,.0073810937,.0019926543,.0024615598,.0039467625,.013230968,.013237659
1999,8,.012184651,.029680843,.31635165,.24932778,.050147373,.021267444,.0082108611,.0020416048,.0019321847,.0031298175,.014211129,.012339896
1999,9,.01114298,.03074285,.33603227,.22244638,.049385916,.023893317,.0075287865,.0019231923,.0016910015,.0043241866,.016468966,.0099496972
1999,10,.011532992,.02684141,.29903316,.25774544,.051389046,.02083588,.0071793692,.0020331827,.0023204403,.0044093751,.011873856,.010558179
1999,11,.011886753,.028999783,.33564559,.25482073,.048989788,.023471398,.0074992669,.0020087077,.0023787785,.0067098131,.0098297605,.012460209
1999,12,.01121942,.027350463,.3153958,.25804889,.04881601,.022173252,.006910549,.0023273646,.0019815059,.0046431711,.012242329,.010464963
2000,1,.012256006,.028956095,.35811356,.23805624,.049453575,.021866957,.0081382291,.0019257262,.0021920505,.0043515307,.012275757,.012328807
2000,2,.010918556,.029063219,.31938925,.25087461,.052144974,.022622438,.0070353448,.0019106254,.0019725855,.0050989138,.011750796,.01221351
2000,3,.011225199,.029589776,.33942339,.25790194,.054017913,.021828473,.0068327542,.0021862076,.0022062375,.0048870132,.012044894,.01265787
2000,4,.010600599,.027101347,.32731655,.25936553,.049730487,.020565324,.0066961735,.0018534681,.0020509569,.0048803398,.01125363,.010967378
2000,5,.011673267,.029690107,.30641502,.25635278,.046957433,.021183709,.0076616965,.0020382707,.0019732998,.0059319283,.011571701,.012186479
2000,6,.011625859,.028624302,.33307785,.27145272,.051829711,.020705346,.0076118484,.001838413,.0021755975,.0031932697,.013354879,.012076153
2000,7,.011483455,.029119035,.31820983,.24547572,.04514182,.018519824,.007339356,.0019426846,.0022014144,.0046600876,.012551167,.011907781
2000,8,.011832119,.02617828,.31176946,.26421648,.049891148,.021235619,.0074929334,.0019650625,.0023741231,.0056701126,.0090503031,.011457864
2000,9,.011594303,.02982077,.33994314,.25140733,.052421868,.020332005,.0074162576,.0019226548,.0022553904,.0054820301,.011575799,.012762941
2000,10,.01124296,.030129099,.34419465,.24366407,.051695354,.019603051,.0068064095,.0022041202,.00223243,.0044470686,.0096947085,.015987322
2000,11,.011520128,.031360604,.32703057,.24532372,.051844802,.021054767,.0075372919,.0016798397,.0023029963,.0032916286,.01338889,.014680086
2000,12,.0099136494,.028790897,.28581676,.24082156,.051172804,.019882509,.0067664334,.0014919149,.0016553012,.003598026,.01276949,.01242338
2001,1,.012853148,.030376183,.31525221,.23511033,.054153901,.022495467,.0086592855,.0021204432,.0020734197,.0040513775,.013081643,.013243163
2001,2,.013589968,.032037988,.32448441,.2379698,.055361092,.020822093,.0094024613,.0021264076,.002061099,.0053007817,.013222217,.01351499
2001,3,.011428601,.02815696,.29251188,.2482727,.050950926,.021129539,.0075709065,.0018559649,.0020017298,.0061997571,.01137665,.010580553
2001,4,.012541634,.030913243,.28939909,.26459804,.048534662,.021980967,.008381214,.0018023148,.0023581053,.0061385641,.012152021,.012622658
2001,5,.012033665,.031704646,.32799014,.24888928,.049448609,.019832255,.0083322637,.0018813219,.0018200791,.0050392086,.014204224,.012461213
2001,6,.012964662,.030372651,.33037415,.24046223,.054393608,.021107512,.0091704251,.0020775283,.0017167088,.0061978376,.0093893595,.014785454
2001,7,.012933058,.03115404,.29449069,.24185264,.054671619,.020307828,.008802264,.0021050535,.0020257402,.0035655415,.014225721,.013362777
2001,8,.013300007,.034252755,.30205628,.24249566,.049896225,.023611709,.0092495792,.0020444507,.0020059773,.0068812366,.014769498,.01260202
2001,9,.012179641,.029425554,.28992867,.23350887,.052201714,.023638265,.0083776144,.0018104533,.0019915733,.0051826374,.010574768,.013668148
2001,10,.014341594,.02901664,.2679562,.23386775,.047644824,.025504887,.011438591,.0015898392,.0013131631,.0061956649,.01071678,.012104195
2001,11,.016317632,.02872063,.27897617,.2250635,.047746819,.024449203,.01222333,.0018225075,.0022717942,.0060513304,.010481402,.012187898
2001,12,.013180484,.029476101,.27563581,.21642956,.047725216,.026487516,.0092952466,.0018103231,.0020749145,.0071875141,.011798905,.010489682
2002,1,.014887201,.030701995,.26215902,.22893764,.047257572,.02258216,.010964636,.0018199245,.0021026405,.0048862211,.011186424,.01462935
2002,2,.015277052,.027798377,.29946464,.2105442,.050708465,.02462055,.011036369,.0018268338,.0024138493,.0049525304,.011930061,.010915786
2002,3,.013537571,.030267771,.26249158,.21085483,.044593211,.02598078,.0097073587,.0017379746,.0020922376,.0045843613,.01271547,.01296794
2002,4,.014042637,.03039602,.24399349,.21172537,.047489692,.025271218,.00995766,.0020387396,.0020462377,.0056644594,.010805561,.013925999
2002,5,.013239198,.029821839,.25135598,.22426331,.050640948,.024295481,.0094853127,.0016363626,.002117523,.0060574668,.010809795,.012954578
2002,6,.014389426,.03008803,.23101263,.21978387,.049735367,.024044164,.010668653,.0015238317,.0021969406,.0048683579,.010508936,.014710736
2002,7,.012904449,.027227018,.23714779,.24791595,.048311651,.02503388,.0094118575,.0015463481,.0019462438,.00798441,.0095775602,.0096650477
2002,8,.014315281,.028686227,.25700009,.21657401,.048171598,.024411824,.010270511,.0019482787,.0020964914,.0064374898,.011673263,.010575474
2002,9,.012708244,.025754897,.25350603,.22201088,.04428193,.023839364,.0095186317,.0012510641,.0019385481,.0053229425,.0087256515,.011706303
2002,10,.014491021,.029719926,.24122202,.22804566,.048256684,.024406146,.010736385,.0017591444,.0019954909,.0051480844,.011354907,.013216935
2002,11,.015780205,.030486353,.2422535,.2297608,.051015317,.024826335,.011424197,.0017086565,.0026473515,.0044918275,.013053899,.012940627
2002,12,.013618066,.028431602,.24852678,.20609431,.048186127,.026303634,.010127691,.0015651011,.0019252743,.0057103354,.011317017,.01140425
2003,1,.01335302,.027332181,.2401325,.23928633,.047554184,.025152551,.0094913086,.0015615701,.0023001414,.0048865271,.011295715,.011149939
2003,2,.012971301,.027967077,.2216479,.22201665,.045660462,.024335532,.0097691603,.00098520482,.0022169356,.0050975434,.010105955,.012763578
2003,3,.01398744,.029051881,.23502773,.23808889,.048361704,.025653707,.010065302,.001443074,.0024790633,.0067042997,.0095399348,.012807647
2003,4,.013237173,.026877644,.24737523,.21490888,.04815476,.026639285,.0099268937,.001163825,.0021464541,.0064904713,.01108608,.0093010925
2003,5,.014339832,.028421845,.23937953,.22664392,.044872139,.025425635,.011118352,.0013074527,.0019140266,.0043802229,.0097093713,.014332252
2003,6,.013289564,.027583163,.2303077,.21814208,.048637431,.027997911,.010006661,.0013168423,.0019660615,.0065122531,.012204115,.0088667944
2003,7,.012693756,.029058747,.22688416,.22671138,.046326581,.024451176,.0094606988,.0011021377,.0021309196,.0057092635,.010634646,.012714838
2003,8,.014798802,.028865844,.25593698,.23402961,.050617971,.024313878,.010878506,.0016427066,.0022775896,.0050217486,.012339484,.011504611
2003,9,.01265355,.028335923,.22905999,.23100561,.047625989,.024324633,.0094448226,.0013755072,.0018332204,.004274298,.010370489,.013691137
2003,10,.013184584,.029951813,.2317604,.23643494,.048404742,.025906682,.0092221629,.0013058068,.0026566139,.0066390145,.01178556,.011527238
2003,11,.013130688,.029255381,.24153535,.2249707,.050870825,.024946321,.0093679214,.001567637,.0021951296,.0071601132,.010802724,.011292543
2003,12,.013472682,.03001333,.26661488,.2234662,.047423456,.02488412,.0099447994,.0013906731,.0021372093,.0064572822,.010847475,.012708573
2004,1,.011698048,.0262041,.2332731,.20474888,.04571265,.026111867,.0086361775,.001092319,.0019695512,.0033958731,.013216953,.009591274
2004,2,.012417877,.028952084,.23993985,.2441169,.04400162,.025192473,.0086455895,.0017466448,.0020256429,.0054851142,.011541137,.011925833
2004,3,.013112281,.030003678,.23366427,.23344663,.048586167,.02800848,.0091845049,.001785928,.0021418477,.0059615416,.011965991,.012076145
2004,4,.012143891,.028206863,.25778762,.22134972,.04710729,.024233187,.0085413447,.0017587177,.0018438289,.0054084319,.010580577,.012217853
2004,5,.012475511,.029181406,.25700438,.22713837,.04614614,.024130763,.008462742,.0018937569,.0021190122,.0067071728,.012260823,.01021341
2004,6,.012031403,.027115105,.2414339,.23097053,.045872033,.025655048,.0082420791,.0015665914,.0022227329,.0066516073,.011538252,.0089252451
2004,7,.013505968,.02984323,.26623568,.23665339,.048538327,.023721561,.01037562,.0013401353,.001790213,.0038006743,.013627742,.012414813
2004,8,.013237285,.028377574,.24937986,.2530219,.04819062,.022889446,.0093006147,.0017089096,.0022277611,.0046441797,.0110263,.012707095
2004,9,.013097323,.029775294,.28307095,.23626895,.047400873,.02568228,.0093198018,.0015806082,.0021969127,.0051403237,.013069651,.011565318
2004,10,.012637209,.029969722,.26950762,.23740576,.049686741,.024450332,.0089215841,.0013813935,.0023342315,.0065474487,.010190159,.013232114
2004,11,.012870456,.029553821,.25679302,.23236617,.048827671,.02571772,.009187066,.0015626817,.0021207083,.0048909863,.013095369,.011567466
2004,12,.01190494,.028912865,.24864249,.23673315,.045596603,.024275372,.0084936647,.0015850131,.0018262622,.005571567,.011685713,.011655584
2005,1,.012315359,.029131424,.2592617,.23048382,.047840379,.021898188,.0083660716,.0014627749,.0024865125,.0076228646,.010686412,.010822147
2005,2,.012716118,.028218195,.24928954,.2199747,.046033017,.025410464,.0084235063,.0022665211,.0020260909,.0057136416,.011622855,.010881698
2005,3,.011705946,.029336266,.25662932,.24708869,.045973279,.022773502,.0076910979,.0016999698,.0023148786,.0053629098,.011222032,.012751324
2005,4,.011715515,.030114857,.27607992,.22544697,.050916284,.023694895,.007737142,.0019721794,.0020061932,.0056911954,.011436663,.012986999
2005,5,.012243668,.029684249,.26109093,.24063566,.050155789,.023527829,.0083119823,.0017513618,.0021803235,.0045135007,.015247495,.0099232532
2005,6,.012391572,.02992839,.26362604,.2630896,.048528664,.020434687,.0084696682,.0018199523,.0021019513,.0057866042,.013531807,.010609979
2005,7,.01238755,.028555609,.24269281,.25923371,.048988972,.020773191,.0092139319,.0012107181,.0019628997,.0079710223,.011680228,.0089043593
2005,8,.011935867,.027543226,.27202296,.24555248,.04707779,.023432005,.0081043383,.001584487,.002247042,.0029343269,.013636891,.010972008
2005,9,.012404769,.028841505,.25811315,.24460955,.048541449,.023619469,.0088701881,.0016359772,.0018986034,.0047588358,.012156168,.011926501
2005,10,.011454023,.029258259,.26524967,.25492367,.049544096,.022615612,.0072841565,.0019910976,.0021787693,.0052532535,.013765616,.010239389
2005,11,.010721872,.030286126,.27937052,.24257699,.046906658,.026572816,.0068488042,.001719671,.0021533966,.0058751134,.013481559,.010929453
2005,12,.011529231,.028904123,.24145813,.27926841,.048900016,.023444559,.0079604574,.0016107928,.0019579814,.0057642041,.012512214,.010627706
2006,1,.011406459,.029420728,.28787762,.26546615,.049305681,.023767237,.0075860838,.0016139816,.0022063935,.0053067426,.012668637,.011445349
2006,2,.012699775,.029397119,.27422661,.24630459,.04970213,.023147179,.0084236497,.0019028425,.0023732833,.0031704318,.012686717,.01353997
2006,3,.011397375,.029012401,.24981807,.25051835,.046384245,.021248695,.0079082763,.0014484597,.0020406388,.002765564,.012237916,.014008921
2006,4,.012151154,.029810037,.27792627,.25419426,.05125986,.021685427,.0081327679,.0018723679,.002146018,.0043893959,.014330638,.011090004
2006,5,.01135352,.029954391,.27793002,.25807837,.051133007,.02092017,.0077827391,.0014735517,.002097229,.0051905089,.011637945,.013125937
2006,6,.01179635,.030656599,.28324983,.27083158,.051227067,.02228011,.0086181378,.0015932831,.0015849287,.0048123063,.0086923195,.017151972
2006,7,.012392957,.028673382,.28451392,.25945887,.049475059,.022830497,.0083058393,.0018415585,.0022455589,.0061904085,.012675546,.0098074283
2006,8,.010834849,.028792251,.27646947,.26285815,.048917141,.022462968,.0073550027,.0017141049,.0017657409,.0051391139,.011658916,.01199422
2006,9,.011936505,.030654334,.30463094,.23637117,.050646119,.020827034,.0078397924,.0016041992,.0024925137,.0052783815,.012082154,.013293798
2006,10,.011880997,.029194791,.28380054,.26897675,.052654166,.020844944,.0077860896,.0017567531,.002338154,.0049248696,.013062715,.011207206
2006,11,.010745247,.028932385,.28083578,.23367792,.051115561,.021136727,.0074248323,.0014819782,.0018384364,.0055645551,.012716547,.010651283
2006,12,.012774765,.030118342,.29203725,.25176436,.052733373,.020905608,.0089796893,.0017295302,.0020655459,.0051913355,.012844056,.012082951
2007,1,.012159692,.031074502,.28609234,.24912556,.050241284,.021876438,.0085377302,.0014354283,.0021865335,.0061178482,.013136889,.011819765
2007,2,.013230274,.03278381,.31096008,.26015803,.050833065,.020837093,.0094853071,.0016545088,.0020904585,.0063337749,.014020444,.012429591
2007,3,.010772521,.029036876,.29179484,.23862176,.048341356,.020696983,.0075490903,.0013964153,.0018270151,.0061643277,.012632724,.010239825
2007,4,.011419711,.030866034,.26349151,.23078139,.045093723,.019973285,.0081296628,.0015573336,.0017327142,.0057874746,.01231072,.01276784
2007,5,.010987479,.029510742,.28079468,.2458057,.046478268,.019939167,.0076079248,.0013847605,.001994794,.0046596704,.011195634,.013655437
2007,6,.011808297,.029502105,.26130977,.24940197,.052248001,.020194303,.0082702087,.0017497252,.0017883627,.004077625,.011361985,.014062494
2007,7,.012302016,.028400786,.27181622,.242476,.047212701,.020913327,.0090289498,.0017011312,.0015719349,.0052287076,.010665148,.01250693
2007,8,.010869778,.031718239,.2755574,.24096622,.046144392,.020101352,.0079271793,.0011988868,.0017437116,.0049423818,.013681918,.013093939
2007,9,.01192496,.028175931,.26409495,.24167584,.046751648,.020616276,.0082641011,.0017502261,.0019106325,.0041815755,.011338597,.012655759
2007,10,.011378321,.029369345,.27261731,.23686782,.048339069,.020950792,.0085121449,.0013608536,.0015053224,.0044687381,.011815582,.013085024
2007,11,.010707764,.026417397,.24972612,.24749258,.045599654,.022879515,.0078311414,.0012807301,.0015958925,.0031519083,.010717921,.012547567
2007,12,.012908966,.029406855,.27024072,.22428918,.045763738,.023275649,.0096820006,.0015415086,.0016854571,.005382604,.010830555,.013193696
2008,1,.011724735,.027607283,.26437339,.2303452,.044873267,.020656077,.0083967168,.0016736945,.0016543234,.0045417198,.010768325,.012297237
2008,2,.012278885,.029457908,.27200052,.24887109,.045891248,.020997049,.0092407167,.0011473969,.0018907711,.0031108088,.012144051,.014203049
2008,3,.014119124,.027950702,.27376273,.23066364,.046926413,.023372715,.010623743,.0015768751,.0019185061,.0044462346,.012223714,.011280754
2008,4,.011633201,.027990675,.26862904,.25506973,.046145193,.022778681,.0085855508,.0015544948,.0014931549,.0040938174,.012057712,.011839145
2008,5,.013593171,.027686808,.25493467,.23358624,.044413362,.025927406,.0098171793,.0016090979,.0021668936,.0056084269,.011015554,.011062827
2008,6,.012346094,.027567005,.22987856,.22725247,.043898303,.023254005,.0095921643,.0010132993,.0017406299,.0043547601,.013417187,.0097950576
2008,7,.012249526,.027530886,.23267168,.21632563,.045342252,.02559427,.0090398612,.0010646459,.0021450184,.0059063323,.0090760356,.012548518
2008,8,.01535248,.029161371,.24145132,.22915508,.04366513,.025796926,.011272803,.0017935227,.0022861543,.0062148343,.01006406,.012882477
2008,9,.014189212,.028272059,.23226584,.23463316,.044133298,.02654729,.011521625,.0010905917,.0015769947,.0059663518,.0094929971,.012812709
2008,10,.01537365,.026505824,.22812124,.22016822,.040871926,.027774291,.01247997,.0011413055,.0017523742,.0061534676,.010246728,.010105629
2008,11,.016924296,.028862165,.21955173,.22218153,.041684173,.025047906,.013402758,.0010675028,.0024540345,.0083845528,.0085079977,.011969615
2008,12,.017978052,.027073525,.20484993,.22235933,.043954331,.029469034,.013977649,.0014612597,.0025391434,.0081603294,.0088944193,.010018776
2009,1,.016996738,.028310861,.18666048,.20635769,.039903909,.028879305,.013855964,.00086424337,.0022765303,.0079281004,.0070089777,.013373783
2009,2,.019663846,.025471481,.18080036,.20249182,.042150803,.029178116,.016701594,.00079302507,.002169227,.0081254644,.0073326449,.010013372
2009,3,.019849436,.029218735,.19675446,.20256467,.041679546,.029467911,.016125018,.001151657,.0025727616,.0085174739,.0085529387,.012148323
2009,4,.016159199,.026346594,.19650286,.18640634,.043337759,.032735635,.013334418,.00090901629,.0019157652,.0057693277,.0090921,.011485167
2009,5,.017707398,.025267165,.15566726,.20480669,.039745841,.031531148,.015194525,.00093736121,.0015755119,.0063280319,.0081386995,.010800434
2009,6,.017557211,.026359245,.1668355,.18660602,.037365817,.034654941,.01472968,.00079359807,.0020339326,.0074550826,.0095521519,.0093520107
2009,7,.017130874,.025827244,.17185165,.19585627,.03974387,.034043286,.013736147,.0011021801,.0022925474,.0061458359,.0089910831,.010690325
2009,8,.016911708,.026127575,.16016993,.20595251,.040375605,.033304535,.013867255,.00079516374,.0022492888,.005812915,.0094655436,.010849116
2009,9,.018186782,.02759219,.16549164,.18895853,.039603222,.03214277,.01546579,.0008303097,.0018906815,.0079318937,.0079833185,.011676977
2009,10,.018011076,.026773088,.14957054,.19280791,.037984878,.032437574,.015252416,.00079964014,.0019590203,.0081543829,.0088841049,.0097345999
2009,11,.016394509,.025809618,.17513673,.18435536,.038548641,.033853583,.013558378,.001043571,.0017925604,.0056245346,.0094766505,.010708433
2009,12,.018381493,.028291481,.1676891,.19164614,.039999977,.032376714,.014722548,.0010652584,.0025936863,.0088495389,.0090649342,.010377008
2010,1,.016248655,.025929101,.17149796,.18741761,.04137224,.035945006,.012806611,.000878616,.0025634274,.0061866902,.0088830302,.01085938
2010,2,.016440308,.026235094,.15693265,.20165178,.040206894,.032254096,.01349642,.00096115441,.0019827329,.0068442533,.0090659317,.010324909
2010,3,.01686657,.027651077,.18651368,.19832499,.042366356,.035784166,.013248955,.0011867591,.0024308562,.0087739751,.0087432703,.010133832
2010,4,.014770943,.025883209,.17726117,.18831648,.039129157,.036774598,.01131916,.0010917241,.0023600589,.0061400444,.010762211,.0089809541
2010,5,.016384458,.02806611,.16826133,.20686792,.039572451,.033192672,.013081545,.0013490168,.0019538964,.0057788519,.0095369751,.012750283
2010,6,.014948163,.026861701,.1546142,.2189962,.036093317,.033435915,.011723058,.00097814621,.0022469587,.0059026196,.0087954812,.0121636
2010,7,.016055942,.028042192,.172433,.211739,.037810583,.035266705,.01253461,.0011660586,.0023552729,.0081049176,.0091126692,.010824605
2010,8,.017608687,.02652492,.16654515,.20544496,.04204762,.034694899,.014220119,.00091912335,.0024694453,.0067557511,.0081465598,.01162261
2010,9,.015889412,.027427958,.15403846,.21602014,.041077178,.033004198,.013137756,.0011907222,.0015609337,.0071225427,.010123914,.010181502
2010,10,.015857453,.029566964,.15942337,.20294501,.037281759,.033393439,.012543495,.001255433,.0020585246,.0076859375,.0087069422,.013174085
2010,11,.01819413,.02837836,.17605375,.20262034,.040964078,.034415741,.014623716,.00094926351,.0026211496,.0054674596,.008319824,.014591076
2010,12,.016243555,.02557111,.1688759,.20663445,.0400289,.031145439,.012199841,.0013106245,.0027330886,.008008359,.0091410456,.0084217051
2011,1,.015678098,.028099919,.1749884,.21596618,.039185226,.033047289,.011872445,.0011973254,.0026083277,.0066907695,.01013507,.011274079
2011,2,.014207763,.026999744,.15315583,.22162259,.03879495,.031900998,.010643823,.0010770196,.00248692,.0071525397,.0098997541,.0099474499
2011,3,.015377943,.026778646,.18186824,.20859244,.039784912,.032495711,.011843108,.0011892328,.002345603,.0064519923,.010903411,.0094232429
2011,4,.014642,.025503172,.17116724,.20970811,.040882509,.033277251,.010703659,.0013053619,.0026329798,.0062410515,.0070734564,.012188664
2011,5,.016222347,.029181186,.16588067,.21476038,.040815573,.032204341,.012683778,.001161217,.0023773515,.0071387128,.010050857,.011991616
2011,6,.01453464,.028809059,.17497082,.21985371,.039483376,.033956073,.011515143,.0010595456,.0019599511,.0060235574,.0090076048,.013777897
2011,7,.01454019,.029198425,.16135308,.22862932,.03944293,.032958526,.011666861,.00056275877,.0023105699,.0046216683,.009806958,.014769798
2011,8,.013861287,.025387473,.16405398,.20826745,.039141476,.033447076,.011012258,.00071934797,.0021296814,.007611501,.0050061326,.01276984
2011,9,.017833302,.027940858,.15176874,.23178038,.040646873,.033028517,.014297054,.0011759239,.0023603239,.006252408,.0098765567,.011811893
2011,10,.015446656,.027275722,.17355934,.19599672,.03949222,.030111251,.012116715,.0012330266,.0020969145,.0068841958,.010042205,.010349321
2011,11,.014765396,.029459948,.18951051,.21684337,.040584803,.028898695,.011324886,.0012217995,.00221871,.0078842584,.0094700214,.012105668
2011,12,.015049334,.028249098,.18063854,.20748645,.037571684,.030467225,.011161021,.0011592476,.0027290653,.0047407118,.010309793,.013198594
2012,1,.01436301,.028492628,.20439303,.21669568,.041181169,.033030573,.010717996,.0010449883,.0026000259,.0052549457,.010836505,.012401177
2012,2,.013908384,.027205102,.19437049,.22302821,.038707357,.03317827,.010026759,.0016908206,.0021908043,.004866384,.0096290456,.012709673
2012,3,.013951081,.025917446,.17762105,.22453322,.03677408,.030454071,.0099500157,.001307559,.0026935062,.0064327228,.0095746154,.0099101085
2012,4,.012416326,.027729388,.17374419,.21685208,.038583577,.029774917,.0095649594,.0012564629,.0015949032,.005641615,.010998853,.01108892
2012,5,.012669221,.026947871,.17248519,.22333471,.040188786,.031646438,.0098785078,.00099411479,.001796598,.006628531,.0089709982,.011348342
2012,6,.014553754,.029123086,.16846265,.22898941,.039145619,.030183271,.011021507,.0010118661,.0025203805,.0069893203,.010908798,.011224968
2012,7,.014939867,.029643362,.18432915,.22759075,.040747248,.030817298,.011395721,.00098183705,.0025623091,.0056487508,.0098175444,.014177067
2012,8,.014194819,.030554263,.16736205,.24299322,.040313244,.029086998,.010913199,.0010892849,.0021923354,.0076049911,.011393344,.011555928
2012,9,.013845067,.025587566,.18187013,.23716623,.0401459,.030613801,.010846077,.00090547343,.0020935165,.0059881643,.0081825862,.011416815
2012,10,.013773911,.026829522,.18606986,.23032163,.040867802,.032570101,.010299402,.0012567801,.0022177282,.0049214065,.010674933,.011233183
2012,11,.012793019,.028211979,.16116439,.24106863,.037893694,.031030063,.0093245534,.00090670964,.0025617564,.0081484467,.0082200719,.011843461
2012,12,.015805479,.027862061,.18812396,.23292136,.04088147,.03019255,.011619935,.0011580775,.0030274668,.0050101876,.010312702,.012539172
2013,1,.014338188,.026772389,.1947984,.21134272,.037695754,.029955525,.01045379,.0012587645,.002625633,.0063260891,.0087997783,.011646522
2013,2,.013638532,.031205453,.18844707,.23910823,.039561555,.02976485,.010489956,.00089866633,.00224991,.0075097205,.0098805381,.013815194
2013,3,.01285876,.029835578,.18499182,.23933901,.039832942,.027132673,.00988355,.0011211643,.0018540453,.0042497255,.01248323,.013102623
2013,4,.012480471,.028467568,.18816377,.21573596,.042506453,.027178066,.0095549831,.00082743814,.00209805,.0062135751,.0097763054,.012477687
2013,5,.012970898,.028043903,.18805708,.21850643,.04017387,.027822282,.0097578289,.0012650212,.0019480482,.0075277518,.0095687602,.010947391
2013,6,.014460662,.029260149,.19191082,.2195372,.039498381,.029230256,.011079707,.0014139946,.0019669607,.0047931718,.012133776,.012333201
2013,7,.013389932,.028556082,.19031632,.23227574,.039960243,.029435007,.0098842084,.0013625757,.0021431479,.0047955052,.010168673,.013591904
2013,8,.01319494,.029767118,.18871707,.24396294,.039090142,.027748076,.010232077,.00099804311,.0019648201,.0057236203,.010775322,.013268176
2013,9,.012986796,.027835693,.17909965,.22504385,.039819114,.026342899,.0098515023,.0011663638,.00196893,.004360992,.010468116,.013006585
2013,10,.015311292,.030484241,.17042923,.24297674,.040326748,.025739402,.0120628,.00099781039,.0022506819,.0048454115,.010739614,.014899215
2013,11,.010833159,.0264483,.19665132,.22994357,.038169913,.026487976,.0079124216,.0010617712,.0018589663,.0064353384,.0094232876,.010589674
2013,12,.013193459,.02962623,.21415436,.23507789,.040751215,.027057528,.0098739713,.0013697724,.0019497155,.0063280179,.010550416,.012747796
2014,1,.0127239,.029011941,.19996171,.254453,.04054952,.024230013,.0091260243,.0012627396,.0023351363,.0056438418,.0089343833,.014433715
2014,2,.012789627,.029004669,.20442659,.22410288,.038887993,.025519619,.0092548961,.00090793794,.0026267925,.0061427886,.010458816,.012403064
2014,3,.013140728,.030493969,.22315221,.23321941,.041710388,.027675409,.010201581,.0012031737,.0017359733,.0057850722,.010847439,.013861458
2014,4,.010862466,.027186031,.22164467,.24309613,.040502839,.023763934,.0082760686,.00087425683,.0017121405,.0055977274,.010620818,.010967485
2014,5,.012876238,.029073698,.20956248,.24480398,.041324332,.024836788,.0095556257,.0012152001,.0021054121,.0057122605,.011381782,.011979656
2014,6,.011887493,.027202306,.21636035,.25672382,.040360976,.02165325,.0084700463,.0011948873,.0022225589,.004958903,.0086656986,.013577705
2014,7,.012919134,.029035615,.19790894,.26011047,.038570147,.025732839,.0094712824,.0011154279,.0023324243,.0063687623,.0095745418,.013092311
2014,8,.014168479,.029810086,.23193063,.24801043,.042065915,.024140777,.010140126,.0013863426,.0026420113,.0066104247,.011116959,.012082702
2014,9,.011525027,.030249683,.21741958,.23647608,.039767567,.023306385,.008073098,.0013252925,.0021266369,.0067543495,.012223117,.011272216
2014,10,.011345357,.028905226,.23317909,.24058025,.043137651,.023449125,.0077974708,.0011081765,.0024397094,.0066211629,.0080107683,.014273295
2014,11,.012720749,.030527407,.22416088,.26001,.041160598,.02430498,.0098677501,.0010470109,.0018059878,.0054519461,.012163468,.012911994
2014,12,.011758551,.03192189,.2354819,.25783938,.042769648,.02274535,.008292309,.0012049656,.0022612764,.0047294423,.01148676,.015705686
2015,1,.011003271,.030269254,.20492855,.2521739,.043328568,.023749175,.0080116754,.00084686064,.0021447346,.004628751,.013132473,.012508029
2015,2,.012124786,.032370929,.20139913,.26707774,.044368073,.02187564,.0087669026,.0011779648,.0021799188,.0072326665,.0113746,.013763662
2015,3,.012328234,.033245087,.24432224,.26446998,.04519527,.024150046,.0086970758,.0013146693,.0023164884,.006056611,.012853086,.01433539
2015,4,.011645158,.029693572,.25910628,.24768616,.045570619,.023972781,.0081941318,.00143786,.002013166,.0034475627,.01023409,.01601192
2015,5,.011413211,.032159984,.21995123,.24418701,.043151107,.021849286,.0079038274,.0011831361,.0023262475,.0051250714,.01130347,.015731443
2015,6,.01135948,.03391717,.23674361,.26381132,.042891189,.019736962,.008031697,.0012122382,.0021155449,.0060715154,.013037951,.014807704
2015,7,.011614385,.032042589,.22705209,.27880344,.04348756,.021915607,.0082323393,.0015745201,.0018075256,.0068574767,.015294833,.0098902788
2015,8,.01142417,.031762835,.24076526,.25565565,.044631649,.021255119,.00824086,.0010198061,.0021635038,.0051367111,.012648171,.013977952
2015,9,.011737618,.031465519,.24663334,.25775889,.041205954,.021320032,.0085087828,.0012424513,.0019863835,.0050170948,.012083917,.014364507
2015,10,.011182897,.031136559,.23539789,.24763323,.043147258,.020626126,.0081537785,.0010337654,.001995353,.0049890508,.012398523,.013748985
2015,11,.011835711,.031614956,.23614478,.23611659,.042886108,.021542493,.0083643999,.0015629961,.0019083151,.0055120867,.011518936,.014583933
2015,12,.01206216,.030115418,.25994557,.23957022,.045192,.021080237,.0079754945,.0014054123,.0026812535,.0052344175,.011301613,.013579387
2016,1,.010778676,.032461103,.24271306,.25576678,.044623252,.020375857,.0076824329,.0010392492,.0020569935,.0044393451,.013379521,.014642237
2016,2,.0094613805,.030346431,.19978838,.26802793,.043756329,.021264113,.006545139,.0012184477,.0016977938,.0070569469,.011871361,.011418123
2016,3,.011642599,.030075997,.24023212,.23964384,.045519151,.020528423,.0082155233,.0012503613,.0021767148,.0039850562,.011638022,.014452919
2016,4,.010812827,.030713614,.23971598,.24731086,.042176303,.020690316,.0073844045,.0015286827,.0018997402,.0049678464,.011265048,.014480719
2016,5,.011124451,.031036638,.24761166,.26696214,.043633532,.018384511,.0075215618,.0012831052,.0023197837,.0042857695,.012991409,.013759459
2016,6,.012358136,.030896125,.24516636,.25220329,.042250548,.018613147,.0086933728,.0012680427,.00239672,.0053419573,.011467469,.014086699
2016,7,.010767934,.029881353,.23076785,.24482183,.041687179,.018019075,.0078545334,.0010726674,.0018407331,.0066049723,.0092292018,.014047178
2016,8,.011292344,.029323002,.22419879,.24480376,.042175613,.018761497,.0080403816,.0012891941,.0019627684,.0049463571,.010910535,.01346611
2016,9,.011496408,.031851757,.25972533,.22559467,.040644109,.020740403,.0085541494,.0012804448,.0016618137,.0056862663,.014498941,.01166655
2016,10,.010591439,.02974323,.25768387,.24797969,.040263418,.020026179,.0072708158,.0017011581,.0016194651,.0048236581,.01290582,.012013752
2016,11,.011749844,.032658108,.25686795,.2673597,.047094669,.019880045,.0081550982,.0016611677,.0019335782,.0047990088,.014190323,.013668776
2016,12,.01150402,.031392433,.22766066,.26276436,.042966653,.020606564,.0082471352,.0014310569,.0018258275,.0046336697,.012344696,.014414067
2017,1,.011719675,.0322561,.27326059,.206374,.045703568,.019414397,.0083314069,.0014622235,.0019260445,.0054678889,.013164637,.013623575
2017,2,.01247533,.031692278,.2750448,.22997586,.045092791,.018189942,.0088996077,.0013828309,.0021928917,.0061378232,.011256584,.014297871
2017,3,.0098131476,.02942395,.23655708,.25902727,.044754107,.017921209,.007162591,.0011457899,.0015047668,.0046532769,.009186375,.015584298
2017,4,.0092859613,.029422922,.26976088,.24573508,.045289304,.019364942,.0063894684,.0012779974,.0016184954,.0053018481,.013504287,.010616787
2017,5,.0092142178,.032265406,.26302028,.23543419,.043868911,.016332559,.006476549,.0011574989,.0015801699,.0045806849,.013457807,.014226914
2017,6,.011366411,.032085005,.25191578,.27254853,.046145312,.014870779,.0081902239,.0015315603,.0016446268,.0058435178,.01083317,.015408317
2017,7,.01033228,.032858226,.28128773,.24734375,.043713983,.017834883,.0074933902,.0013682989,.0014705907,.0041811224,.014284218,.014392886
2017,8,.010992424,.030317429,.24502409,.26295367,.042971071,.018309016,.0076656458,.0014345326,.0018922453,.0058558253,.010323199,.014138406
2017,9,.011033823,.031903226,.28687271,.24386263,.048615657,.018951658,.0076800268,.0013398204,.0020139755,.0045329686,.012031711,.015338547
2017,10,.010244217,.03537273,.28683147,.25958964,.045391459,.01866989,.0070440108,.0013356468,.0018645591,.0059706015,.013463869,.01593826
2017,11,.0098353149,.031893961,.25706041,.23768242,.044363149,.01761809,.0067032399,.0013088413,.0018232338,.0062358622,.014843659,.01081444
2017,12,.011149044,.032008044,.26242113,.26151681,.043540351,.01795651,.00802984,.0013207739,.0017984303,.0042921067,.011832094,.015883844
2018,1,.0095167933,.032936063,.26560786,.26059943,.045494352,.016857713,.006593111,.0013626815,.0015610008,.0048215906,.013168279,.014946193
2018,2,.010649702,.030893648,.2871525,.25096312,.044436906,.017352361,.0068667182,.0014927959,.0022901874,.0045267078,.014095949,.012270991
2018,3,.010057014,.0298793,.26669526,.27427179,.042319175,.016646069,.007128831,.0015218821,.0014063013,.0064288485,.0111305,.012319952
2018,4,.0087601673,.030218221,.27048728,.26237744,.044123903,.017011184,.0055557531,.0015621326,.0016422815,.0024384274,.011602843,.01617695
2018,5,.0074953013,.029586527,.25916508,.26105776,.041660149,.013944743,.0048436276,.001460254,.0011914198,.0032073895,.012785465,.013593673
2018,6,.010194251,.032385267,.25534591,.25043753,.045429159,.016010817,.0077971979,.00098807795,.0014089755,.0073075155,.01272003,.012357722
2018,7,.0095270537,.032910686,.27575439,.25689229,.049093504,.013484537,.0064367317,.0018517978,.0012385242,.0050151432,.01194954,.015946003
2018,8,.0099319592,.035334881,.29832691,.26044858,.045406785,.014917245,.0066099595,.001423169,.0018988306,.00543905,.015467117,.014428714
2018,9,.009070931,.031359524,.27396432,.27503651,.044787362,.01645593,.0068063145,.001150683,.0011139335,.0062417821,.011429063,.013688678
2018,10,.0093882149,.031889472,.27815375,.25300574,.043330904,.017129434,.0063657919,.0012972773,.0017251457,.0065560956,.011239387,.01409399
2018,11,.0090126358,.030664401,.25279397,.27375674,.043387927,.016493283,.0063921963,.001125163,.0014952765,.0053898748,.010477942,.014796584
2018,12,.0098894201,.033432759,.27941081,.25273994,.04580161,.017411014,.0071450383,.0013517856,.0013925962,.0052545615,.014190839,.013987359
2019,1,.0097268485,.032249838,.27080309,.2313206,.043823559,.018788127,.0072208969,.0012824406,.0012235109,.0074099493,.010783908,.01405598
2019,2,.010509192,.033338774,.2769706,.27932593,.047121219,.017600168,.0069843936,.0014770798,.0020477185,.0072139287,.010543194,.015581652
2019,3,.0099352654,.033018984,.27666518,.24639188,.044127669,.017898533,.0070819054,.0011612098,.0016921503,.0046120421,.013433171,.014973771
2019,4,.0064988406,.027928509,.26425377,.25077233,.045085661,.016242014,.0048158956,.00084528199,.00083766307,.0026624007,.014184958,.01108115
2019,5,.008382068,.032216109,.26386765,.28548956,.043376487,.013596813,.0059025558,.0011620458,.0013174665,.004725263,.012898589,.014592256
2019,6,.0095200799,.031314559,.27280131,.26123536,.044822432,.013247628,.0066402312,.0015957346,.0012841141,.0052390466,.013538697,.012536816
2019,7,.0089814793,.032951053,.26463026,.24127844,.045095921,.015514505,.0064772968,.001114413,.0013897695,.0044187303,.012175662,.016356662
2019,8,.0089960946,.032612104,.27624339,.25471345,.044161584,.015991133,.0064061447,.0011497008,.001440249,.0061647189,.012877759,.013569627
2019,9,.0080306446,.029782435,.27307558,.25876734,.044683903,.016483482,.0055410047,.0010090903,.0014805496,.0044591706,.011163997,.014159267
2019,10,.0090406071,.030223586,.25304809,.26131871,.04627851,.016000327,.0062694345,.0011610051,.0016101676,.0055592814,.011495204,.013169101
2019,11,.0093891807,.032031961,.25948855,.25475985,.044680223,.01538128,.0069299401,.0012408448,.0012183958,.0029561128,.011358978,.01771687
2019,12,.010263083,.033599388,.30833393,.26068968,.047585577,.016781632,.0068892739,.0014593276,.0019144811,.0050327545,.012874433,.015692201
2020,1,.0094756894,.029986303,.2895081,.24672846,.045137614,.015507786,.0065898104,.0012420384,.0016438406,.0028406905,.01105024,.016095372
2020,2,.0084414082,.030548062,.26592132,.2625314,.042678144,.01546243,.005765798,.0011774388,.0014981714,.0035995389,.012491869,.014456654
2020,3,.018039789,.039146747,.26344979,.262707,.043639194,.016507844,.015286132,.0014817941,.0012718632,.0085797673,.0093021048,.021264875
2020,4,.10864386,.059235644,.20416191,.36270383,.034862678,.02277703,.10433141,.00075819867,.0035542496,.018846009,.0063313572,.034058277
2020,5,.038474809,.033711936,.32228878,.15969513,.04787714,.037828714,.038498249,.00086183741,-.00088527694,.0077433195,.005607795,.020360822
2020,6,.025703767,.027286723,.3555654,.1614581,.041884806,.032948628,.023528168,.00084580213,.0013297972,.0048505571,.0071312822,.015304884
2020,7,.020772858,.029238576,.29010215,.17801468,.042776786,.031538952,.018682884,.00064870686,.0014412666,.0069445665,.0062323851,.016061625
2020,8,.013471022,.028723236,.27072418,.1804246,.043592177,.02566603,.01195888,.00064592069,.00086622121,.0045049754,.0066013909,.01761687
2020,9,.015881944,.032423627,.2328642,.21549721,.040279139,.02427095,.013899803,.0014696833,.00051245803,.0071813781,.0079109315,.017331317
2020,10,.014570317,.030412409,.26278803,.21663712,.041904148,.023802569,.011509233,.0011534677,.0019076164,.0067908615,.0057403888,.017881159
2020,11,.013193198,.032973766,.24501605,.19935903,.041335694,.022667564,.010586466,.0011984706,.0014082622,.006414332,.0089377509,.017621683
2020,12,.015731348,.03336991,.23437558,.22789039,.043318555,.024296591,.012486559,.0014843784,.00176041,.0065215342,.0079404581,.018907918
2021,1,.012818969,.0315772,.2504825,.21374692,.038943697,.020590015,.010149926,.0010342266,.0016348163,.0069157518,.0085284086,.01613304
2021,2,.012388033,.030599954,.23136601,.21805346,.038926862,.022202337,.0095973462,.0011043763,.0016863104,.0049989466,.009446077,.01615493
2021,3,.01161236,.030819315,.2405746,.23965904,.043259021,.021829909,.0088578938,.0012568074,.0014976593,.0055592121,.011181035,.014079068
2021,4,.01177308,.027818143,.24466872,.20977135,.044435997,.021403439,.0084771803,.0016153817,.0016805177,.0069896015,.0089998264,.011828715
2021,5,.010563569,.033471942,.22619934,.24927922,.041867711,.01942054,.0078255916,.0014721213,.0012658562,.0081233019,.0096246852,.015723955
2021,6,.011006419,.032817736,.21474141,.2224278,.041681979,.02030598,.0076677306,.0018347236,.0015039644,.0062692994,.011298758,.015249679
2021,7,.011465481,.032694746,.24386984,.25698939,.04491454,.018699072,.0078359535,.0018447118,.0017848152,.005738561,.013251461,.013704724
2021,8,.010877268,.034643225,.25301942,.23724763,.043618824,.019436887,.0075481278,.0016671488,.0016619918,.0047242753,.014420477,.015498473
2021,9,.0093136979,.031787179,.2487044,.24341053,.045637589,.017584866,.0065687113,.0012794174,.0014655693,.0056543453,.01043937,.015693463
2021,10,.0085029928,.033286665,.25868413,.23251562,.045631651,.01732083,.0056228791,.0011897336,.00169038,.0039421553,.01077789,.01856662
2021,11,.010302059,.032109406,.27877784,.26871324,.046129972,.017041015,.0066393088,.0015166068,.0021461439,.0033059129,.012248233,.016555261
2021,12,.0075346394,.028940704,.27115667,.26359871,.043916889,.018401511,.0052331532,.00075696083,.0015445254,.0054094787,.0076324004,.015898824
2022,1,.011083297,.033172436,.28671959,.26439103,.042937893,.017524615,.0075442665,.0019015428,.0016374872,.0064939517,.011550688,.015127797
2022,2,.0098697543,.030783523,.291951,.24370092,.044923924,.016285282,.0062357928,.0017558784,.0018780831,.0053832806,.012150288,.013249954
2022,3,.0094579384,.03091142,.30351332,.26875713,.045858558,.015989043,.0059525105,.0016722587,.0018331691,.0044680564,.011349184,.01509418
2022,4,.009781491,.030661682,.29255706,.2700246,.045951292,.01571537,.0068403115,.0016732498,.0012679298,.002948575,.014971283,.012741824
2022,5,.0093937945,.032201488,.29192305,.26049757,.04699387,.014352628,.0064085582,.0015925145,.0013927218,.0048241229,.013814557,.013562808
2022,6,.0092829857,.03496993,.29580173,.27179283,.045242842,.013998815,.0058266856,.0015875892,.001868711,.0045031994,.012618757,.017847974
2022,7,.0094344765,.031997349,.2858302,.2851792,.043885309,.013280354,.0064770975,.0018191255,.0011382535,.0033782003,.012599465,.016019683
2022,8,.0093846107,.033986971,.30030641,.25561336,.044374168,.015697587,.0063542561,.0016555636,.001374791,.0036648852,.012544152,.017777933
2022,9,.0083905142,.033317693,.28552398,.25877646,.043733865,.013960296,.0056503583,.0014119893,.0013281666,.0052130874,.012902163,.015202442
2022,10,.0097942026,.03243956,.26134351,.29328939,.043879792,.015584758,.0066564507,.0015520857,.0015856662,.005439199,.014488272,.012512088
2022,11,.0099910144,.033848897,.29566109,.27224654,.044572633,.01566021,.0066520958,.001519272,.0018196466,.0037805415,.014195729,.015872626
2022,12,.0098517928,.032662768,.28222781,.26049852,.044480119,.014635391,.0064688716,.0016449108,.0017380104,.0052519091,.012448072,.014962787
2023,1,.0098531516,.033679493,.26875713,.28107014,.046100982,.016056472,.0069063515,.0014418087,.0015049914,.0060229362,.012566115,.015090441
2023,2,.0097261732,.033375673,.3049573,.22037731,.048035078,.01599071,.0067782546,.0015319737,.0014159449,.0061279023,.010836556,.016411215
2023,3,.0084508089,.030173391,.25583109,.24427003,.040477112,.014453166,.0055510113,.0013384412,.0015613565,.0036372896,.012892947,.013643155
2023,4,.0066415137,.029640488,.28505099,.23672819,.045585196,.012346616,.004155729,.0013358083,.0011499764,.0030006769,.013106561,.01353325
2023,5,.0092074461,.030409969,.24722014,.27070516,.042498514,.012838525,.0064080223,.0014902984,.0013091255,.0044038584,.011356342,.014649769
2023,6,.008641988,.031676024,.25818607,.29805678,.044017203,.012500103,.0060435664,.0013115114,.0012869103,.0035835896,.012469119,.015623315
2023,7,.0085225003,.034312375,.28582731,.25203606,.042879134,.014105038,.0060814233,.0011029074,.0013381697,.0043931613,.015211457,.014707756
2023,8,.0094868848,.02948508,.25396898,.22932765,.044189874,.016482091,.0068167476,.0011786667,.0014914705,.0061209328,.010592937,.012771212
2023,9,.0091833202,.031450998,.29511741,.24410687,.043963291,.015494353,.00642895,.0013586727,.0013956975,.0038989815,.011551809,.016000208
2023,10,.0092559094,.032434359,.27121723,.26302752,.042717997,.016772844,.0067128306,.001346641,.0011964377,.0030692283,.014366622,.014998509
2023,11,.0079645412,.029337544,.28644872,.23935764,.04288891,.0147769,.0057990314,.0011532158,.0010122941,.0067667873,.010229565,.012341192
2023,12,.0093475319,.031881951,.27828902,.25879914,.038273405,.016086804,.006690959,.0011517499,.0015048231,.0038206193,.015388293,.012673038
2024,1,.0094760917,.030238517,.26074651,.26958612,.044485975,.015276342,.0069731767,.0012449052,.0012580098,.0045734043,.011639515,.014025597
2024,2,.0095858024,.032541856,.28313023,.25632647,.042358648,.018005265,.0073106331,.00098920183,.0012859675,.0036952428,.011952431,.016894182
2024,3,.0091799069,.030461362,.26134074,.2552236,.043391678,.016109675,.006690592,.00098501425,.0015043006,.0058140382,.011580355,.013066969
2024,4,.0089824786,.0280653,.26061943,.25395882,.040909719,.015085272,.0061675878,.0012499747,.0015649161,.0047791051,.011236108,.012050087
2024,5,.0090716891,.030990517,.28362745,.26171109,.040462382,.017085638,.0063738385,.0011252718,.0015725788,.0049375831,.012570268,.013482666
2024,6,.0091686985,.031440094,.25518507,.23679215,.040624183,.015872581,.0063188821,.0012587728,.0015910435,.0050542108,.011098201,.015287682
2024,7,.010780422,.028713955,.24261139,.23513471,.040519115,.013921497,.0081170239,.00082884991,.0018345483,.0047259191,.0085189454,.01546909
2024,8,.011001755,.029932853,.27586088,.24449861,.040883645,.015701473,.0074668168,.0015722369,.0019627018,.0032731101,.011055481,.015604262
